{"coco/bbox_mAP": 0.829, "coco/bbox_mAP_50": 0.97, "coco/bbox_mAP_75": 0.97, "coco/bbox_mAP_s": -1.0, "coco/bbox_mAP_m": -1.0, "coco/bbox_mAP_l": 0.829, "data_time": 0.15791062875227493, "time": 0.27472678097811615}