{"accuracy/top1": 93.4857177734375, "accuracy/top5": 99.0857162475586, "data_time": 0.14803016185760498, "time": 0.6734333038330078}