{"coco/AP": 0.7254755805250854, "coco/AP .5": 1.0, "coco/AP .75": 0.9404172560113153, "coco/AP (M)": -1.0, "coco/AP (L)": 0.7254755805250854, "coco/AR": 0.7809523809523808, "coco/AR .5": 1.0, "coco/AR .75": 0.9523809523809523, "coco/AR (M)": -1.0, "coco/AR (L)": 0.7809523809523808, "PCK": 0.9727891156462585, "AUC": 0.14625850340136054, "NME": 0.039912723359607515, "data_time": 4.404176712036133, "time": 5.954896926879883}